courseCode,courseName,year
COSC11201,Introduction to COSC11201,2026
COSC11202,Introduction to COSC11202,2026
COSC11203,Introduction to COSC11203,2026
COSC11204,Introduction to COSC11204,2026
COSC11205,Introduction to COSC11205,2026
COSC11206,Introduction to COSC11206,2026
COSC11207,Introduction to COSC11207,2026
COSC11208,Introduction to COSC11208,2026
COSC11209,Introduction to COSC11209,2026
COSC11210,Introduction to COSC11210,2026
COSC11211,Introduction to COSC11211,2026
COSC11212,Introduction to COSC11212,2026
COSC11213,Introduction to COSC11213,2026
COSC11214,Introduction to COSC11214,2026
COSC11215,Introduction to COSC11215,2026
COSC11216,Introduction to COSC11216,2026
COSC11217,Introduction to COSC11217,2026
COSC11218,Introduction to COSC11218,2026
COSC11219,Introduction to COSC11219,2026
COSC11220,Introduction to COSC11220,2026
COSC11221,Introduction to COSC11221,2026
COSC11222,Introduction to COSC11222,2026
COSC11223,Introduction to COSC11223,2026
COSC11224,Introduction to COSC11224,2026
COSC11225,Introduction to COSC11225,2026
COSC11226,Introduction to COSC11226,2026
COSC11227,Introduction to COSC11227,2026
COSC11228,Introduction to COSC11228,2026
COSC11229,Introduction to COSC11229,2026
COSC11230,Introduction to COSC11230,2026
COSC11231,Introduction to COSC11231,2026
COSC11232,Introduction to COSC11232,2026
COSC11233,Introduction to COSC11233,2026
COSC11234,Introduction to COSC11234,2026
COSC11235,Introduction to COSC11235,2026
COSC11236,Introduction to COSC11236,2026
COSC11237,Introduction to COSC11237,2026
COSC11238,Introduction to COSC11238,2026
COSC11239,Introduction to COSC11239,2026
COSC11240,Introduction to COSC11240,2026
COSC11241,Introduction to COSC11241,2026
COSC11242,Introduction to COSC11242,2026
COSC11243,Introduction to COSC11243,2026
COSC11244,Introduction to COSC11244,2026
COSC11245,Introduction to COSC11245,2026
COSC11246,Introduction to COSC11246,2026
COSC11247,Introduction to COSC11247,2026
COSC11248,Introduction to COSC11248,2026
COSC11249,Introduction to COSC11249,2026
COSC11250,Introduction to COSC11250,2026
COSC11251,Introduction to COSC11251,2026
COSC11252,Introduction to COSC11252,2026
COSC11253,Introduction to COSC11253,2026
COSC11254,Introduction to COSC11254,2026
COSC11255,Introduction to COSC11255,2026
COSC11256,Introduction to COSC11256,2026
COSC11257,Introduction to COSC11257,2026
COSC11258,Introduction to COSC11258,2026
COSC11259,Introduction to COSC11259,2026
COSC11260,Introduction to COSC11260,2026
COSC11261,Introduction to COSC11261,2026
COSC11262,Introduction to COSC11262,2026
COSC11263,Introduction to COSC11263,2026
COSC11264,Introduction to COSC11264,2026
COSC11265,Introduction to COSC11265,2026
COSC11266,Introduction to COSC11266,2026
COSC11267,Introduction to COSC11267,2026
COSC11268,Introduction to COSC11268,2026
COSC11269,Introduction to COSC11269,2026
COSC11270,Introduction to COSC11270,2026
COSC11271,Introduction to COSC11271,2026
COSC11272,Introduction to COSC11272,2026
COSC11273,Introduction to COSC11273,2026
COSC11274,Introduction to COSC11274,2026
COSC11275,Introduction to COSC11275,2026
COSC11276,Introduction to COSC11276,2026
COSC11277,Introduction to COSC11277,2026
COSC11278,Introduction to COSC11278,2026
COSC11279,Introduction to COSC11279,2026
COSC11280,Introduction to COSC11280,2026
COSC11281,Introduction to COSC11281,2026
COSC11282,Introduction to COSC11282,2026
COSC11283,Introduction to COSC11283,2026
COSC11284,Introduction to COSC11284,2026
COSC11285,Introduction to COSC11285,2026
COSC11286,Introduction to COSC11286,2026
COSC11287,Introduction to COSC11287,2026
COSC11288,Introduction to COSC11288,2026
COSC11289,Introduction to COSC11289,2026
COSC11290,Introduction to COSC11290,2026
COSC11291,Introduction to COSC11291,2026
COSC11292,Introduction to COSC11292,2026
COSC11293,Introduction to COSC11293,2026
COSC11294,Introduction to COSC11294,2026
COSC11295,Introduction to COSC11295,2026
COSC11296,Introduction to COSC11296,2026
COSC11297,Introduction to COSC11297,2026
COSC11298,Introduction to COSC11298,2026
COSC11299,Introduction to COSC11299,2026
COSC11300,Introduction to COSC11300,2026
COSC11301,Introduction to COSC11301,2026
COSC11302,Introduction to COSC11302,2026
COSC11303,Introduction to COSC11303,2026
COSC11304,Introduction to COSC11304,2026
COSC11305,Introduction to COSC11305,2026
COSC11306,Introduction to COSC11306,2026
COSC11307,Introduction to COSC11307,2026
COSC11308,Introduction to COSC11308,2026
COSC11309,Introduction to COSC11309,2026
COSC11310,Introduction to COSC11310,2026
COSC11311,Introduction to COSC11311,2026
COSC11312,Introduction to COSC11312,2026
COSC11313,Introduction to COSC11313,2026
COSC11314,Introduction to COSC11314,2026
COSC11315,Introduction to COSC11315,2026
COSC11316,Introduction to COSC11316,2026
COSC11317,Introduction to COSC11317,2026
COSC11318,Introduction to COSC11318,2026
COSC11319,Introduction to COSC11319,2026
COSC11320,Introduction to COSC11320,2026
COSC11321,Introduction to COSC11321,2026
COSC11322,Introduction to COSC11322,2026
COSC11323,Introduction to COSC11323,2026
COSC11324,Introduction to COSC11324,2026
COSC11325,Introduction to COSC11325,2026
COSC11326,Introduction to COSC11326,2026
COSC11327,Introduction to COSC11327,2026
COSC11328,Introduction to COSC11328,2026
COSC11329,Introduction to COSC11329,2026
COSC11330,Introduction to COSC11330,2026
COSC11331,Introduction to COSC11331,2026
COSC11332,Introduction to COSC11332,2026
COSC11333,Introduction to COSC11333,2026
COSC11334,Introduction to COSC11334,2026
COSC11335,Introduction to COSC11335,2026
COSC11336,Introduction to COSC11336,2026
COSC11337,Introduction to COSC11337,2026
COSC11338,Introduction to COSC11338,2026
COSC11339,Introduction to COSC11339,2026
COSC11340,Introduction to COSC11340,2026
COSC11341,Introduction to COSC11341,2026
COSC11342,Introduction to COSC11342,2026
COSC11343,Introduction to COSC11343,2026
COSC11344,Introduction to COSC11344,2026
COSC11345,Introduction to COSC11345,2026
COSC11346,Introduction to COSC11346,2026
COSC11347,Introduction to COSC11347,2026
COSC11348,Introduction to COSC11348,2026
COSC11349,Introduction to COSC11349,2026
COSC11350,Introduction to COSC11350,2026
COSC11351,Introduction to COSC11351,2026
COSC11352,Introduction to COSC11352,2026
COSC11353,Introduction to COSC11353,2026
COSC11354,Introduction to COSC11354,2026
COSC11355,Introduction to COSC11355,2026
COSC11356,Introduction to COSC11356,2026
COSC11357,Introduction to COSC11357,2026
COSC11358,Introduction to COSC11358,2026
COSC11359,Introduction to COSC11359,2026
COSC11360,Introduction to COSC11360,2026
COSC11361,Introduction to COSC11361,2026
COSC11362,Introduction to COSC11362,2026
COSC11363,Introduction to COSC11363,2026
COSC11364,Introduction to COSC11364,2026
COSC11365,Introduction to COSC11365,2026
COSC11366,Introduction to COSC11366,2026
COSC11367,Introduction to COSC11367,2026
COSC11368,Introduction to COSC11368,2026
COSC11369,Introduction to COSC11369,2026
COSC11370,Introduction to COSC11370,2026
COSC11371,Introduction to COSC11371,2026
COSC11372,Introduction to COSC11372,2026
COSC11373,Introduction to COSC11373,2026
COSC11374,Introduction to COSC11374,2026
COSC11375,Introduction to COSC11375,2026
COSC11376,Introduction to COSC11376,2026
COSC11377,Introduction to COSC11377,2026
COSC11378,Introduction to COSC11378,2026
COSC11379,Introduction to COSC11379,2026
COSC11380,Introduction to COSC11380,2026
COSC11381,Introduction to COSC11381,2026
COSC11382,Introduction to COSC11382,2026
COSC11383,Introduction to COSC11383,2026
COSC11384,Introduction to COSC11384,2026
COSC11385,Introduction to COSC11385,2026
COSC11386,Introduction to COSC11386,2026
COSC11387,Introduction to COSC11387,2026
COSC11388,Introduction to COSC11388,2026
COSC11389,Introduction to COSC11389,2026
COSC11390,Introduction to COSC11390,2026
COSC11391,Introduction to COSC11391,2026
COSC11392,Introduction to COSC11392,2026
COSC11393,Introduction to COSC11393,2026
COSC11394,Introduction to COSC11394,2026
COSC11395,Introduction to COSC11395,2026
COSC11396,Introduction to COSC11396,2026
COSC11397,Introduction to COSC11397,2026
COSC11398,Introduction to COSC11398,2026
COSC11399,Introduction to COSC11399,2026
COSC11400,Introduction to COSC11400,2026
COSC11401,Introduction to COSC11401,2026
COSC11402,Introduction to COSC11402,2026
COSC11403,Introduction to COSC11403,2026
COSC11404,Introduction to COSC11404,2026
COSC11405,Introduction to COSC11405,2026
COSC11406,Introduction to COSC11406,2026
COSC11407,Introduction to COSC11407,2026
COSC11408,Introduction to COSC11408,2026
COSC11409,Introduction to COSC11409,2026
COSC11410,Introduction to COSC11410,2026
COSC11411,Introduction to COSC11411,2026
COSC11412,Introduction to COSC11412,2026
COSC11413,Introduction to COSC11413,2026
COSC11414,Introduction to COSC11414,2026
COSC11415,Introduction to COSC11415,2026
COSC11416,Introduction to COSC11416,2026
COSC11417,Introduction to COSC11417,2026
COSC11418,Introduction to COSC11418,2026
COSC11419,Introduction to COSC11419,2026
COSC11420,Introduction to COSC11420,2026
COSC11421,Introduction to COSC11421,2026
COSC11422,Introduction to COSC11422,2026
COSC11423,Introduction to COSC11423,2026
COSC11424,Introduction to COSC11424,2026
COSC11425,Introduction to COSC11425,2026
COSC11426,Introduction to COSC11426,2026
COSC11427,Introduction to COSC11427,2026
COSC11428,Introduction to COSC11428,2026
COSC11429,Introduction to COSC11429,2026
COSC11430,Introduction to COSC11430,2026
COSC11431,Introduction to COSC11431,2026
COSC11432,Introduction to COSC11432,2026
COSC11433,Introduction to COSC11433,2026
COSC11434,Introduction to COSC11434,2026
COSC11435,Introduction to COSC11435,2026
COSC11436,Introduction to COSC11436,2026
COSC11437,Introduction to COSC11437,2026
COSC11438,Introduction to COSC11438,2026
COSC11439,Introduction to COSC11439,2026
COSC11440,Introduction to COSC11440,2026
COSC11441,Introduction to COSC11441,2026
COSC11442,Introduction to COSC11442,2026
COSC11443,Introduction to COSC11443,2026
COSC11444,Introduction to COSC11444,2026
COSC11445,Introduction to COSC11445,2026
COSC11446,Introduction to COSC11446,2026
COSC11447,Introduction to COSC11447,2026
COSC11448,Introduction to COSC11448,2026
COSC11449,Introduction to COSC11449,2026
COSC11450,Introduction to COSC11450,2026
COSC11451,Introduction to COSC11451,2026
COSC11452,Introduction to COSC11452,2026
COSC11453,Introduction to COSC11453,2026
COSC11454,Introduction to COSC11454,2026
COSC11455,Introduction to COSC11455,2026
COSC11456,Introduction to COSC11456,2026
COSC11457,Introduction to COSC11457,2026
COSC11458,Introduction to COSC11458,2026
COSC11459,Introduction to COSC11459,2026
COSC11460,Introduction to COSC11460,2026
COSC11461,Introduction to COSC11461,2026
COSC11462,Introduction to COSC11462,2026
COSC11463,Introduction to COSC11463,2026
COSC11464,Introduction to COSC11464,2026
COSC11465,Introduction to COSC11465,2026
COSC11466,Introduction to COSC11466,2026
COSC11467,Introduction to COSC11467,2026
COSC11468,Introduction to COSC11468,2026
COSC11469,Introduction to COSC11469,2026
COSC11470,Introduction to COSC11470,2026
COSC11471,Introduction to COSC11471,2026
COSC11472,Introduction to COSC11472,2026
COSC11473,Introduction to COSC11473,2026
COSC11474,Introduction to COSC11474,2026
COSC11475,Introduction to COSC11475,2026
COSC11476,Introduction to COSC11476,2026
COSC11477,Introduction to COSC11477,2026
COSC11478,Introduction to COSC11478,2026
COSC11479,Introduction to COSC11479,2026
COSC11480,Introduction to COSC11480,2026
COSC11481,Introduction to COSC11481,2026
COSC11482,Introduction to COSC11482,2026
COSC11483,Introduction to COSC11483,2026
COSC11484,Introduction to COSC11484,2026
COSC11485,Introduction to COSC11485,2026
COSC11486,Introduction to COSC11486,2026
COSC11487,Introduction to COSC11487,2026
COSC11488,Introduction to COSC11488,2026
COSC11489,Introduction to COSC11489,2026
COSC11490,Introduction to COSC11490,2026
COSC11491,Introduction to COSC11491,2026
COSC11492,Introduction to COSC11492,2026
COSC11493,Introduction to COSC11493,2026
COSC11494,Introduction to COSC11494,2026
COSC11495,Introduction to COSC11495,2026
COSC11496,Introduction to COSC11496,2026
COSC11497,Introduction to COSC11497,2026
COSC11498,Introduction to COSC11498,2026
COSC11499,Introduction to COSC11499,2026
COSC11500,Introduction to COSC11500,2026
COSC11501,Introduction to COSC11501,2026
COSC11502,Introduction to COSC11502,2026
COSC11503,Introduction to COSC11503,2026
COSC11504,Introduction to COSC11504,2026
COSC11505,Introduction to COSC11505,2026
COSC11506,Introduction to COSC11506,2026
COSC11507,Introduction to COSC11507,2026
COSC11508,Introduction to COSC11508,2026
COSC11509,Introduction to COSC11509,2026
COSC11510,Introduction to COSC11510,2026
COSC11511,Introduction to COSC11511,2026
COSC11512,Introduction to COSC11512,2026
COSC11513,Introduction to COSC11513,2026
COSC11514,Introduction to COSC11514,2026
COSC11515,Introduction to COSC11515,2026
COSC11516,Introduction to COSC11516,2026
COSC11517,Introduction to COSC11517,2026
COSC11518,Introduction to COSC11518,2026
COSC11519,Introduction to COSC11519,2026
COSC11520,Introduction to COSC11520,2026
COSC11521,Introduction to COSC11521,2026
COSC11522,Introduction to COSC11522,2026
COSC11523,Introduction to COSC11523,2026
COSC11524,Introduction to COSC11524,2026
COSC11525,Introduction to COSC11525,2026
COSC11526,Introduction to COSC11526,2026
COSC11527,Introduction to COSC11527,2026
COSC11528,Introduction to COSC11528,2026
COSC11529,Introduction to COSC11529,2026
COSC11530,Introduction to COSC11530,2026
COSC11531,Introduction to COSC11531,2026
COSC11532,Introduction to COSC11532,2026
COSC11533,Introduction to COSC11533,2026
COSC11534,Introduction to COSC11534,2026
COSC11535,Introduction to COSC11535,2026
COSC11536,Introduction to COSC11536,2026
COSC11537,Introduction to COSC11537,2026
COSC11538,Introduction to COSC11538,2026
COSC11539,Introduction to COSC11539,2026
COSC11540,Introduction to COSC11540,2026
COSC11541,Introduction to COSC11541,2026
COSC11542,Introduction to COSC11542,2026
COSC11543,Introduction to COSC11543,2026
COSC11544,Introduction to COSC11544,2026
COSC11545,Introduction to COSC11545,2026
COSC11546,Introduction to COSC11546,2026
COSC11547,Introduction to COSC11547,2026
COSC11548,Introduction to COSC11548,2026
COSC11549,Introduction to COSC11549,2026
COSC11550,Introduction to COSC11550,2026
COSC11551,Introduction to COSC11551,2026
COSC11552,Introduction to COSC11552,2026
COSC11553,Introduction to COSC11553,2026
COSC11554,Introduction to COSC11554,2026
COSC11555,Introduction to COSC11555,2026
COSC11556,Introduction to COSC11556,2026
COSC11557,Introduction to COSC11557,2026
COSC11558,Introduction to COSC11558,2026
COSC11559,Introduction to COSC11559,2026
COSC11560,Introduction to COSC11560,2026
COSC11561,Introduction to COSC11561,2026
COSC11562,Introduction to COSC11562,2026
COSC11563,Introduction to COSC11563,2026
COSC11564,Introduction to COSC11564,2026
COSC11565,Introduction to COSC11565,2026
COSC11566,Introduction to COSC11566,2026
COSC11567,Introduction to COSC11567,2026
COSC11568,Introduction to COSC11568,2026
COSC11569,Introduction to COSC11569,2026
COSC11570,Introduction to COSC11570,2026
COSC11571,Introduction to COSC11571,2026
COSC11572,Introduction to COSC11572,2026
COSC11573,Introduction to COSC11573,2026
COSC11574,Introduction to COSC11574,2026
COSC11575,Introduction to COSC11575,2026
COSC11576,Introduction to COSC11576,2026
COSC11577,Introduction to COSC11577,2026
COSC11578,Introduction to COSC11578,2026
COSC11579,Introduction to COSC11579,2026
COSC11580,Introduction to COSC11580,2026
COSC11581,Introduction to COSC11581,2026
COSC11582,Introduction to COSC11582,2026
COSC11583,Introduction to COSC11583,2026
COSC11584,Introduction to COSC11584,2026
COSC11585,Introduction to COSC11585,2026
COSC11586,Introduction to COSC11586,2026
COSC11587,Introduction to COSC11587,2026
COSC11588,Introduction to COSC11588,2026
COSC11589,Introduction to COSC11589,2026
COSC11590,Introduction to COSC11590,2026
COSC11591,Introduction to COSC11591,2026
COSC11592,Introduction to COSC11592,2026
COSC11593,Introduction to COSC11593,2026
COSC11594,Introduction to COSC11594,2026
COSC11595,Introduction to COSC11595,2026
COSC11596,Introduction to COSC11596,2026
COSC11597,Introduction to COSC11597,2026
COSC11598,Introduction to COSC11598,2026
COSC11599,Introduction to COSC11599,2026
COSC11600,Introduction to COSC11600,2026
