firstName,lastName,email,password
John1,Doe1,John1Doe1@example.com,John1Doe1
John2,Doe2,John2Doe2@example.com,John2Doe2
John3,Doe3,John3Doe3@example.com,John3Doe3
John4,Doe4,John4Doe4@example.com,John4Doe4
John5,Doe5,John5Doe5@example.com,John5Doe5
John6,Doe6,John6Doe6@example.com,John6Doe6
John7,Doe7,John7Doe7@example.com,John7Doe7
John8,Doe8,John8Doe8@example.com,John8Doe8
John9,Doe9,John9Doe9@example.com,John9Doe9
John10,Doe10,John10Doe10@example.com,John10Doe10
John11,Doe11,John11Doe11@example.com,John11Doe11
John12,Doe12,John12Doe12@example.com,John12Doe12
John13,Doe13,John13Doe13@example.com,John13Doe13
John14,Doe14,John14Doe14@example.com,John14Doe14
John15,Doe15,John15Doe15@example.com,John15Doe15
John16,Doe16,John16Doe16@example.com,John16Doe16
John17,Doe17,John17Doe17@example.com,John17Doe17
John18,Doe18,John18Doe18@example.com,John18Doe18
John19,Doe19,John19Doe19@example.com,John19Doe19
John20,Doe20,John20Doe20@example.com,John20Doe20
John21,Doe21,John21Doe21@example.com,John21Doe21
John22,Doe22,John22Doe22@example.com,John22Doe22
John23,Doe23,John23Doe23@example.com,John23Doe23
John24,Doe24,John24Doe24@example.com,John24Doe24
John25,Doe25,John25Doe25@example.com,John25Doe25
John26,Doe26,John26Doe26@example.com,John26Doe26
John27,Doe27,John27Doe27@example.com,John27Doe27
John28,Doe28,John28Doe28@example.com,John28Doe28
John29,Doe29,John29Doe29@example.com,John29Doe29
John30,Doe30,John30Doe30@example.com,John30Doe30
John31,Doe31,John31Doe31@example.com,John31Doe31
John32,Doe32,John32Doe32@example.com,John32Doe32
John33,Doe33,John33Doe33@example.com,John33Doe33
John34,Doe34,John34Doe34@example.com,John34Doe34
John35,Doe35,John35Doe35@example.com,John35Doe35
John36,Doe36,John36Doe36@example.com,John36Doe36
John37,Doe37,John37Doe37@example.com,John37Doe37
John38,Doe38,John38Doe38@example.com,John38Doe38
John39,Doe39,John39Doe39@example.com,John39Doe39
John40,Doe40,John40Doe40@example.com,John40Doe40
John41,Doe41,John41Doe41@example.com,John41Doe41
John42,Doe42,John42Doe42@example.com,John42Doe42
John43,Doe43,John43Doe43@example.com,John43Doe43
John44,Doe44,John44Doe44@example.com,John44Doe44
John45,Doe45,John45Doe45@example.com,John45Doe45
John46,Doe46,John46Doe46@example.com,John46Doe46
John47,Doe47,John47Doe47@example.com,John47Doe47
John48,Doe48,John48Doe48@example.com,John48Doe48
John49,Doe49,John49Doe49@example.com,John49Doe49
John50,Doe50,John50Doe50@example.com,John50Doe50
John51,Doe51,John51Doe51@example.com,John51Doe51
John52,Doe52,John52Doe52@example.com,John52Doe52
John53,Doe53,John53Doe53@example.com,John53Doe53
John54,Doe54,John54Doe54@example.com,John54Doe54
John55,Doe55,John55Doe55@example.com,John55Doe55
John56,Doe56,John56Doe56@example.com,John56Doe56
John57,Doe57,John57Doe57@example.com,John57Doe57
John58,Doe58,John58Doe58@example.com,John58Doe58
John59,Doe59,John59Doe59@example.com,John59Doe59
John60,Doe60,John60Doe60@example.com,John60Doe60
John61,Doe61,John61Doe61@example.com,John61Doe61
John62,Doe62,John62Doe62@example.com,John62Doe62
John63,Doe63,John63Doe63@example.com,John63Doe63
John64,Doe64,John64Doe64@example.com,John64Doe64
John65,Doe65,John65Doe65@example.com,John65Doe65
John66,Doe66,John66Doe66@example.com,John66Doe66
John67,Doe67,John67Doe67@example.com,John67Doe67
John68,Doe68,John68Doe68@example.com,John68Doe68
John69,Doe69,John69Doe69@example.com,John69Doe69
John70,Doe70,John70Doe70@example.com,John70Doe70
John71,Doe71,John71Doe71@example.com,John71Doe71
John72,Doe72,John72Doe72@example.com,John72Doe72
John73,Doe73,John73Doe73@example.com,John73Doe73
John74,Doe74,John74Doe74@example.com,John74Doe74
John75,Doe75,John75Doe75@example.com,John75Doe75
John76,Doe76,John76Doe76@example.com,John76Doe76
John77,Doe77,John77Doe77@example.com,John77Doe77
John78,Doe78,John78Doe78@example.com,John78Doe78
John79,Doe79,John79Doe79@example.com,John79Doe79
John80,Doe80,John80Doe80@example.com,John80Doe80
John81,Doe81,John81Doe81@example.com,John81Doe81
John82,Doe82,John82Doe82@example.com,John82Doe82
John83,Doe83,John83Doe83@example.com,John83Doe83
John84,Doe84,John84Doe84@example.com,John84Doe84
John85,Doe85,John85Doe85@example.com,John85Doe85
John86,Doe86,John86Doe86@example.com,John86Doe86
John87,Doe87,John87Doe87@example.com,John87Doe87
John88,Doe88,John88Doe88@example.com,John88Doe88
John89,Doe89,John89Doe89@example.com,John89Doe89
John90,Doe90,John90Doe90@example.com,John90Doe90
John91,Doe91,John91Doe91@example.com,John91Doe91
John92,Doe92,John92Doe92@example.com,John92Doe92
John93,Doe93,John93Doe93@example.com,John93Doe93
John94,Doe94,John94Doe94@example.com,John94Doe94
John95,Doe95,John95Doe95@example.com,John95Doe95
John96,Doe96,John96Doe96@example.com,John96Doe96
John97,Doe97,John97Doe97@example.com,John97Doe97
John98,Doe98,John98Doe98@example.com,John98Doe98
John99,Doe99,John99Doe99@example.com,John99Doe99
John100,Doe100,John100Doe100@example.com,John100Doe100
John101,Doe101,John101Doe101@example.com,John101Doe101
John102,Doe102,John102Doe102@example.com,John102Doe102
John103,Doe103,John103Doe103@example.com,John103Doe103
John104,Doe104,John104Doe104@example.com,John104Doe104
John105,Doe105,John105Doe105@example.com,John105Doe105
John106,Doe106,John106Doe106@example.com,John106Doe106
John107,Doe107,John107Doe107@example.com,John107Doe107
John108,Doe108,John108Doe108@example.com,John108Doe108
John109,Doe109,John109Doe109@example.com,John109Doe109
John110,Doe110,John110Doe110@example.com,John110Doe110
John111,Doe111,John111Doe111@example.com,John111Doe111
John112,Doe112,John112Doe112@example.com,John112Doe112
John113,Doe113,John113Doe113@example.com,John113Doe113
John114,Doe114,John114Doe114@example.com,John114Doe114
John115,Doe115,John115Doe115@example.com,John115Doe115
John116,Doe116,John116Doe116@example.com,John116Doe116
John117,Doe117,John117Doe117@example.com,John117Doe117
John118,Doe118,John118Doe118@example.com,John118Doe118
John119,Doe119,John119Doe119@example.com,John119Doe119
John120,Doe120,John120Doe120@example.com,John120Doe120
John121,Doe121,John121Doe121@example.com,John121Doe121
John122,Doe122,John122Doe122@example.com,John122Doe122
John123,Doe123,John123Doe123@example.com,John123Doe123
John124,Doe124,John124Doe124@example.com,John124Doe124
John125,Doe125,John125Doe125@example.com,John125Doe125
John126,Doe126,John126Doe126@example.com,John126Doe126
John127,Doe127,John127Doe127@example.com,John127Doe127
John128,Doe128,John128Doe128@example.com,John128Doe128
John129,Doe129,John129Doe129@example.com,John129Doe129
John130,Doe130,John130Doe130@example.com,John130Doe130
John131,Doe131,John131Doe131@example.com,John131Doe131
John132,Doe132,John132Doe132@example.com,John132Doe132
John133,Doe133,John133Doe133@example.com,John133Doe133
John134,Doe134,John134Doe134@example.com,John134Doe134
John135,Doe135,John135Doe135@example.com,John135Doe135
John136,Doe136,John136Doe136@example.com,John136Doe136
John137,Doe137,John137Doe137@example.com,John137Doe137
John138,Doe138,John138Doe138@example.com,John138Doe138
John139,Doe139,John139Doe139@example.com,John139Doe139
John140,Doe140,John140Doe140@example.com,John140Doe140
John141,Doe141,John141Doe141@example.com,John141Doe141
John142,Doe142,John142Doe142@example.com,John142Doe142
John143,Doe143,John143Doe143@example.com,John143Doe143
John144,Doe144,John144Doe144@example.com,John144Doe144
John145,Doe145,John145Doe145@example.com,John145Doe145
John146,Doe146,John146Doe146@example.com,John146Doe146
John147,Doe147,John147Doe147@example.com,John147Doe147
John148,Doe148,John148Doe148@example.com,John148Doe148
John149,Doe149,John149Doe149@example.com,John149Doe149
John150,Doe150,John150Doe150@example.com,John150Doe150
John151,Doe151,John151Doe151@example.com,John151Doe151
John152,Doe152,John152Doe152@example.com,John152Doe152
John153,Doe153,John153Doe153@example.com,John153Doe153
John154,Doe154,John154Doe154@example.com,John154Doe154
John155,Doe155,John155Doe155@example.com,John155Doe155
John156,Doe156,John156Doe156@example.com,John156Doe156
John157,Doe157,John157Doe157@example.com,John157Doe157
John158,Doe158,John158Doe158@example.com,John158Doe158
John159,Doe159,John159Doe159@example.com,John159Doe159
John160,Doe160,John160Doe160@example.com,John160Doe160
John161,Doe161,John161Doe161@example.com,John161Doe161
John162,Doe162,John162Doe162@example.com,John162Doe162
John163,Doe163,John163Doe163@example.com,John163Doe163
John164,Doe164,John164Doe164@example.com,John164Doe164
John165,Doe165,John165Doe165@example.com,John165Doe165
John166,Doe166,John166Doe166@example.com,John166Doe166
John167,Doe167,John167Doe167@example.com,John167Doe167
John168,Doe168,John168Doe168@example.com,John168Doe168
John169,Doe169,John169Doe169@example.com,John169Doe169
John170,Doe170,John170Doe170@example.com,John170Doe170
John171,Doe171,John171Doe171@example.com,John171Doe171
John172,Doe172,John172Doe172@example.com,John172Doe172
John173,Doe173,John173Doe173@example.com,John173Doe173
John174,Doe174,John174Doe174@example.com,John174Doe174
John175,Doe175,John175Doe175@example.com,John175Doe175
John176,Doe176,John176Doe176@example.com,John176Doe176
John177,Doe177,John177Doe177@example.com,John177Doe177
John178,Doe178,John178Doe178@example.com,John178Doe178
John179,Doe179,John179Doe179@example.com,John179Doe179
John180,Doe180,John180Doe180@example.com,John180Doe180
John181,Doe181,John181Doe181@example.com,John181Doe181
John182,Doe182,John182Doe182@example.com,John182Doe182
John183,Doe183,John183Doe183@example.com,John183Doe183
John184,Doe184,John184Doe184@example.com,John184Doe184
John185,Doe185,John185Doe185@example.com,John185Doe185
John186,Doe186,John186Doe186@example.com,John186Doe186
John187,Doe187,John187Doe187@example.com,John187Doe187
John188,Doe188,John188Doe188@example.com,John188Doe188
John189,Doe189,John189Doe189@example.com,John189Doe189
John190,Doe190,John190Doe190@example.com,John190Doe190
John191,Doe191,John191Doe191@example.com,John191Doe191
John192,Doe192,John192Doe192@example.com,John192Doe192
John193,Doe193,John193Doe193@example.com,John193Doe193
John194,Doe194,John194Doe194@example.com,John194Doe194
John195,Doe195,John195Doe195@example.com,John195Doe195
John196,Doe196,John196Doe196@example.com,John196Doe196
John197,Doe197,John197Doe197@example.com,John197Doe197
John198,Doe198,John198Doe198@example.com,John198Doe198
John199,Doe199,John199Doe199@example.com,John199Doe199
John200,Doe200,John200Doe200@example.com,John200Doe200
John201,Doe201,John201Doe201@example.com,John201Doe201
John202,Doe202,John202Doe202@example.com,John202Doe202
John203,Doe203,John203Doe203@example.com,John203Doe203
John204,Doe204,John204Doe204@example.com,John204Doe204
John205,Doe205,John205Doe205@example.com,John205Doe205
John206,Doe206,John206Doe206@example.com,John206Doe206
John207,Doe207,John207Doe207@example.com,John207Doe207
John208,Doe208,John208Doe208@example.com,John208Doe208
John209,Doe209,John209Doe209@example.com,John209Doe209
John210,Doe210,John210Doe210@example.com,John210Doe210
John211,Doe211,John211Doe211@example.com,John211Doe211
John212,Doe212,John212Doe212@example.com,John212Doe212
John213,Doe213,John213Doe213@example.com,John213Doe213
John214,Doe214,John214Doe214@example.com,John214Doe214
John215,Doe215,John215Doe215@example.com,John215Doe215
John216,Doe216,John216Doe216@example.com,John216Doe216
John217,Doe217,John217Doe217@example.com,John217Doe217
John218,Doe218,John218Doe218@example.com,John218Doe218
John219,Doe219,John219Doe219@example.com,John219Doe219
John220,Doe220,John220Doe220@example.com,John220Doe220
John221,Doe221,John221Doe221@example.com,John221Doe221
John222,Doe222,John222Doe222@example.com,John222Doe222
John223,Doe223,John223Doe223@example.com,John223Doe223
John224,Doe224,John224Doe224@example.com,John224Doe224
John225,Doe225,John225Doe225@example.com,John225Doe225
John226,Doe226,John226Doe226@example.com,John226Doe226
John227,Doe227,John227Doe227@example.com,John227Doe227
John228,Doe228,John228Doe228@example.com,John228Doe228
John229,Doe229,John229Doe229@example.com,John229Doe229
John230,Doe230,John230Doe230@example.com,John230Doe230
John231,Doe231,John231Doe231@example.com,John231Doe231
John232,Doe232,John232Doe232@example.com,John232Doe232
John233,Doe233,John233Doe233@example.com,John233Doe233
John234,Doe234,John234Doe234@example.com,John234Doe234
John235,Doe235,John235Doe235@example.com,John235Doe235
John236,Doe236,John236Doe236@example.com,John236Doe236
John237,Doe237,John237Doe237@example.com,John237Doe237
John238,Doe238,John238Doe238@example.com,John238Doe238
John239,Doe239,John239Doe239@example.com,John239Doe239
John240,Doe240,John240Doe240@example.com,John240Doe240
John241,Doe241,John241Doe241@example.com,John241Doe241
John242,Doe242,John242Doe242@example.com,John242Doe242
John243,Doe243,John243Doe243@example.com,John243Doe243
John244,Doe244,John244Doe244@example.com,John244Doe244
John245,Doe245,John245Doe245@example.com,John245Doe245
John246,Doe246,John246Doe246@example.com,John246Doe246
John247,Doe247,John247Doe247@example.com,John247Doe247
John248,Doe248,John248Doe248@example.com,John248Doe248
John249,Doe249,John249Doe249@example.com,John249Doe249
John250,Doe250,John250Doe250@example.com,John250Doe250
John251,Doe251,John251Doe251@example.com,John251Doe251
John252,Doe252,John252Doe252@example.com,John252Doe252
John253,Doe253,John253Doe253@example.com,John253Doe253
John254,Doe254,John254Doe254@example.com,John254Doe254
John255,Doe255,John255Doe255@example.com,John255Doe255
John256,Doe256,John256Doe256@example.com,John256Doe256
John257,Doe257,John257Doe257@example.com,John257Doe257
John258,Doe258,John258Doe258@example.com,John258Doe258
John259,Doe259,John259Doe259@example.com,John259Doe259
John260,Doe260,John260Doe260@example.com,John260Doe260
John261,Doe261,John261Doe261@example.com,John261Doe261
John262,Doe262,John262Doe262@example.com,John262Doe262
John263,Doe263,John263Doe263@example.com,John263Doe263
John264,Doe264,John264Doe264@example.com,John264Doe264
John265,Doe265,John265Doe265@example.com,John265Doe265
John266,Doe266,John266Doe266@example.com,John266Doe266
John267,Doe267,John267Doe267@example.com,John267Doe267
John268,Doe268,John268Doe268@example.com,John268Doe268
John269,Doe269,John269Doe269@example.com,John269Doe269
John270,Doe270,John270Doe270@example.com,John270Doe270
John271,Doe271,John271Doe271@example.com,John271Doe271
John272,Doe272,John272Doe272@example.com,John272Doe272
John273,Doe273,John273Doe273@example.com,John273Doe273
John274,Doe274,John274Doe274@example.com,John274Doe274
John275,Doe275,John275Doe275@example.com,John275Doe275
John276,Doe276,John276Doe276@example.com,John276Doe276
John277,Doe277,John277Doe277@example.com,John277Doe277
John278,Doe278,John278Doe278@example.com,John278Doe278
John279,Doe279,John279Doe279@example.com,John279Doe279
John280,Doe280,John280Doe280@example.com,John280Doe280
John281,Doe281,John281Doe281@example.com,John281Doe281
John282,Doe282,John282Doe282@example.com,John282Doe282
John283,Doe283,John283Doe283@example.com,John283Doe283
John284,Doe284,John284Doe284@example.com,John284Doe284
John285,Doe285,John285Doe285@example.com,John285Doe285
John286,Doe286,John286Doe286@example.com,John286Doe286
John287,Doe287,John287Doe287@example.com,John287Doe287
John288,Doe288,John288Doe288@example.com,John288Doe288
John289,Doe289,John289Doe289@example.com,John289Doe289
John290,Doe290,John290Doe290@example.com,John290Doe290
John291,Doe291,John291Doe291@example.com,John291Doe291
John292,Doe292,John292Doe292@example.com,John292Doe292
John293,Doe293,John293Doe293@example.com,John293Doe293
John294,Doe294,John294Doe294@example.com,John294Doe294
John295,Doe295,John295Doe295@example.com,John295Doe295
John296,Doe296,John296Doe296@example.com,John296Doe296
John297,Doe297,John297Doe297@example.com,John297Doe297
John298,Doe298,John298Doe298@example.com,John298Doe298
John299,Doe299,John299Doe299@example.com,John299Doe299
John300,Doe300,John300Doe300@example.com,John300Doe300
John301,Doe301,John301Doe301@example.com,John301Doe301
John302,Doe302,John302Doe302@example.com,John302Doe302
John303,Doe303,John303Doe303@example.com,John303Doe303
John304,Doe304,John304Doe304@example.com,John304Doe304
John305,Doe305,John305Doe305@example.com,John305Doe305
John306,Doe306,John306Doe306@example.com,John306Doe306
John307,Doe307,John307Doe307@example.com,John307Doe307
John308,Doe308,John308Doe308@example.com,John308Doe308
John309,Doe309,John309Doe309@example.com,John309Doe309
John310,Doe310,John310Doe310@example.com,John310Doe310
John311,Doe311,John311Doe311@example.com,John311Doe311
John312,Doe312,John312Doe312@example.com,John312Doe312
John313,Doe313,John313Doe313@example.com,John313Doe313
John314,Doe314,John314Doe314@example.com,John314Doe314
John315,Doe315,John315Doe315@example.com,John315Doe315
John316,Doe316,John316Doe316@example.com,John316Doe316
John317,Doe317,John317Doe317@example.com,John317Doe317
John318,Doe318,John318Doe318@example.com,John318Doe318
John319,Doe319,John319Doe319@example.com,John319Doe319
John320,Doe320,John320Doe320@example.com,John320Doe320
John321,Doe321,John321Doe321@example.com,John321Doe321
John322,Doe322,John322Doe322@example.com,John322Doe322
John323,Doe323,John323Doe323@example.com,John323Doe323
John324,Doe324,John324Doe324@example.com,John324Doe324
John325,Doe325,John325Doe325@example.com,John325Doe325
John326,Doe326,John326Doe326@example.com,John326Doe326
John327,Doe327,John327Doe327@example.com,John327Doe327
John328,Doe328,John328Doe328@example.com,John328Doe328
John329,Doe329,John329Doe329@example.com,John329Doe329
John330,Doe330,John330Doe330@example.com,John330Doe330
John331,Doe331,John331Doe331@example.com,John331Doe331
John332,Doe332,John332Doe332@example.com,John332Doe332
John333,Doe333,John333Doe333@example.com,John333Doe333
John334,Doe334,John334Doe334@example.com,John334Doe334
John335,Doe335,John335Doe335@example.com,John335Doe335
John336,Doe336,John336Doe336@example.com,John336Doe336
John337,Doe337,John337Doe337@example.com,John337Doe337
John338,Doe338,John338Doe338@example.com,John338Doe338
John339,Doe339,John339Doe339@example.com,John339Doe339
John340,Doe340,John340Doe340@example.com,John340Doe340
John341,Doe341,John341Doe341@example.com,John341Doe341
John342,Doe342,John342Doe342@example.com,John342Doe342
John343,Doe343,John343Doe343@example.com,John343Doe343
John344,Doe344,John344Doe344@example.com,John344Doe344
John345,Doe345,John345Doe345@example.com,John345Doe345
John346,Doe346,John346Doe346@example.com,John346Doe346
John347,Doe347,John347Doe347@example.com,John347Doe347
John348,Doe348,John348Doe348@example.com,John348Doe348
John349,Doe349,John349Doe349@example.com,John349Doe349
John350,Doe350,John350Doe350@example.com,John350Doe350
John351,Doe351,John351Doe351@example.com,John351Doe351
John352,Doe352,John352Doe352@example.com,John352Doe352
John353,Doe353,John353Doe353@example.com,John353Doe353
John354,Doe354,John354Doe354@example.com,John354Doe354
John355,Doe355,John355Doe355@example.com,John355Doe355
John356,Doe356,John356Doe356@example.com,John356Doe356
John357,Doe357,John357Doe357@example.com,John357Doe357
John358,Doe358,John358Doe358@example.com,John358Doe358
John359,Doe359,John359Doe359@example.com,John359Doe359
John360,Doe360,John360Doe360@example.com,John360Doe360
John361,Doe361,John361Doe361@example.com,John361Doe361
John362,Doe362,John362Doe362@example.com,John362Doe362
John363,Doe363,John363Doe363@example.com,John363Doe363
John364,Doe364,John364Doe364@example.com,John364Doe364
John365,Doe365,John365Doe365@example.com,John365Doe365
John366,Doe366,John366Doe366@example.com,John366Doe366
John367,Doe367,John367Doe367@example.com,John367Doe367
John368,Doe368,John368Doe368@example.com,John368Doe368
John369,Doe369,John369Doe369@example.com,John369Doe369
John370,Doe370,John370Doe370@example.com,John370Doe370
John371,Doe371,John371Doe371@example.com,John371Doe371
John372,Doe372,John372Doe372@example.com,John372Doe372
John373,Doe373,John373Doe373@example.com,John373Doe373
John374,Doe374,John374Doe374@example.com,John374Doe374
John375,Doe375,John375Doe375@example.com,John375Doe375
John376,Doe376,John376Doe376@example.com,John376Doe376
John377,Doe377,John377Doe377@example.com,John377Doe377
John378,Doe378,John378Doe378@example.com,John378Doe378
John379,Doe379,John379Doe379@example.com,John379Doe379
John380,Doe380,John380Doe380@example.com,John380Doe380
John381,Doe381,John381Doe381@example.com,John381Doe381
John382,Doe382,John382Doe382@example.com,John382Doe382
John383,Doe383,John383Doe383@example.com,John383Doe383
John384,Doe384,John384Doe384@example.com,John384Doe384
John385,Doe385,John385Doe385@example.com,John385Doe385
John386,Doe386,John386Doe386@example.com,John386Doe386
John387,Doe387,John387Doe387@example.com,John387Doe387
John388,Doe388,John388Doe388@example.com,John388Doe388
John389,Doe389,John389Doe389@example.com,John389Doe389
John390,Doe390,John390Doe390@example.com,John390Doe390
John391,Doe391,John391Doe391@example.com,John391Doe391
John392,Doe392,John392Doe392@example.com,John392Doe392
John393,Doe393,John393Doe393@example.com,John393Doe393
John394,Doe394,John394Doe394@example.com,John394Doe394
John395,Doe395,John395Doe395@example.com,John395Doe395
John396,Doe396,John396Doe396@example.com,John396Doe396
John397,Doe397,John397Doe397@example.com,John397Doe397
John398,Doe398,John398Doe398@example.com,John398Doe398
John399,Doe399,John399Doe399@example.com,John399Doe399
John400,Doe400,John400Doe400@example.com,John400Doe400
John401,Doe401,John401Doe401@example.com,John401Doe401
John402,Doe402,John402Doe402@example.com,John402Doe402
John403,Doe403,John403Doe403@example.com,John403Doe403
John404,Doe404,John404Doe404@example.com,John404Doe404
John405,Doe405,John405Doe405@example.com,John405Doe405
John406,Doe406,John406Doe406@example.com,John406Doe406
John407,Doe407,John407Doe407@example.com,John407Doe407
John408,Doe408,John408Doe408@example.com,John408Doe408
John409,Doe409,John409Doe409@example.com,John409Doe409
John410,Doe410,John410Doe410@example.com,John410Doe410
John411,Doe411,John411Doe411@example.com,John411Doe411
John412,Doe412,John412Doe412@example.com,John412Doe412
John413,Doe413,John413Doe413@example.com,John413Doe413
John414,Doe414,John414Doe414@example.com,John414Doe414
John415,Doe415,John415Doe415@example.com,John415Doe415
John416,Doe416,John416Doe416@example.com,John416Doe416
John417,Doe417,John417Doe417@example.com,John417Doe417
John418,Doe418,John418Doe418@example.com,John418Doe418
John419,Doe419,John419Doe419@example.com,John419Doe419
John420,Doe420,John420Doe420@example.com,John420Doe420
John421,Doe421,John421Doe421@example.com,John421Doe421
John422,Doe422,John422Doe422@example.com,John422Doe422
John423,Doe423,John423Doe423@example.com,John423Doe423
John424,Doe424,John424Doe424@example.com,John424Doe424
John425,Doe425,John425Doe425@example.com,John425Doe425
John426,Doe426,John426Doe426@example.com,John426Doe426
John427,Doe427,John427Doe427@example.com,John427Doe427
John428,Doe428,John428Doe428@example.com,John428Doe428
John429,Doe429,John429Doe429@example.com,John429Doe429
John430,Doe430,John430Doe430@example.com,John430Doe430
John431,Doe431,John431Doe431@example.com,John431Doe431
John432,Doe432,John432Doe432@example.com,John432Doe432
John433,Doe433,John433Doe433@example.com,John433Doe433
John434,Doe434,John434Doe434@example.com,John434Doe434
John435,Doe435,John435Doe435@example.com,John435Doe435
John436,Doe436,John436Doe436@example.com,John436Doe436
John437,Doe437,John437Doe437@example.com,John437Doe437
John438,Doe438,John438Doe438@example.com,John438Doe438
John439,Doe439,John439Doe439@example.com,John439Doe439
John440,Doe440,John440Doe440@example.com,John440Doe440
John441,Doe441,John441Doe441@example.com,John441Doe441
John442,Doe442,John442Doe442@example.com,John442Doe442
John443,Doe443,John443Doe443@example.com,John443Doe443
John444,Doe444,John444Doe444@example.com,John444Doe444
John445,Doe445,John445Doe445@example.com,John445Doe445
John446,Doe446,John446Doe446@example.com,John446Doe446
John447,Doe447,John447Doe447@example.com,John447Doe447
John448,Doe448,John448Doe448@example.com,John448Doe448
John449,Doe449,John449Doe449@example.com,John449Doe449
John450,Doe450,John450Doe450@example.com,John450Doe450
John451,Doe451,John451Doe451@example.com,John451Doe451
John452,Doe452,John452Doe452@example.com,John452Doe452
John453,Doe453,John453Doe453@example.com,John453Doe453
John454,Doe454,John454Doe454@example.com,John454Doe454
John455,Doe455,John455Doe455@example.com,John455Doe455
John456,Doe456,John456Doe456@example.com,John456Doe456
John457,Doe457,John457Doe457@example.com,John457Doe457
John458,Doe458,John458Doe458@example.com,John458Doe458
John459,Doe459,John459Doe459@example.com,John459Doe459
John460,Doe460,John460Doe460@example.com,John460Doe460
John461,Doe461,John461Doe461@example.com,John461Doe461
John462,Doe462,John462Doe462@example.com,John462Doe462
John463,Doe463,John463Doe463@example.com,John463Doe463
John464,Doe464,John464Doe464@example.com,John464Doe464
John465,Doe465,John465Doe465@example.com,John465Doe465
John466,Doe466,John466Doe466@example.com,John466Doe466
John467,Doe467,John467Doe467@example.com,John467Doe467
John468,Doe468,John468Doe468@example.com,John468Doe468
John469,Doe469,John469Doe469@example.com,John469Doe469
John470,Doe470,John470Doe470@example.com,John470Doe470
John471,Doe471,John471Doe471@example.com,John471Doe471
John472,Doe472,John472Doe472@example.com,John472Doe472
John473,Doe473,John473Doe473@example.com,John473Doe473
John474,Doe474,John474Doe474@example.com,John474Doe474
John475,Doe475,John475Doe475@example.com,John475Doe475
John476,Doe476,John476Doe476@example.com,John476Doe476
John477,Doe477,John477Doe477@example.com,John477Doe477
John478,Doe478,John478Doe478@example.com,John478Doe478
John479,Doe479,John479Doe479@example.com,John479Doe479
John480,Doe480,John480Doe480@example.com,John480Doe480
John481,Doe481,John481Doe481@example.com,John481Doe481
John482,Doe482,John482Doe482@example.com,John482Doe482
John483,Doe483,John483Doe483@example.com,John483Doe483
John484,Doe484,John484Doe484@example.com,John484Doe484
John485,Doe485,John485Doe485@example.com,John485Doe485
John486,Doe486,John486Doe486@example.com,John486Doe486
John487,Doe487,John487Doe487@example.com,John487Doe487
John488,Doe488,John488Doe488@example.com,John488Doe488
John489,Doe489,John489Doe489@example.com,John489Doe489
John490,Doe490,John490Doe490@example.com,John490Doe490
John491,Doe491,John491Doe491@example.com,John491Doe491
John492,Doe492,John492Doe492@example.com,John492Doe492
John493,Doe493,John493Doe493@example.com,John493Doe493
John494,Doe494,John494Doe494@example.com,John494Doe494
John495,Doe495,John495Doe495@example.com,John495Doe495
John496,Doe496,John496Doe496@example.com,John496Doe496
John497,Doe497,John497Doe497@example.com,John497Doe497
John498,Doe498,John498Doe498@example.com,John498Doe498
John499,Doe499,John499Doe499@example.com,John499Doe499
John500,Doe500,John500Doe500@example.com,John500Doe500
